script,avg_energy_uj,avg_runtime_s,LOC,CC_total,CC_avg,CC_max,halstead_volume,maintainability_index,code_smells,avg_energy_uj_pct_change,avg_runtime_s_pct_change,LOC_pct_change,CC_total_pct_change,CC_avg_pct_change,CC_max_pct_change,halstead_volume_pct_change,maintainability_index_pct_change,code_smells_pct_change
avl_tree.py,2623467.4,0.2362060967949219,91,27,3.0,7,222.91,37.19,1,0.0,0.0,0.0,0.0,0.0,0.0,0.0,0.0,0.0
deepseek_clean_avl_tree.py,2584197.8,0.2343755655921995,90,28,2.33,5,230.62,37.06,1,-1.5,-0.77,-1.1,3.7,-22.33,-28.57,3.46,-0.35,0.0
deepseek_green_avl_tree.py,2551665.6,0.2375772233994212,95,27,3.0,5,203.56,37.06,1,-2.74,0.58,4.4,0.0,0.0,-28.57,-8.68,-0.35,0.0
deepseek_multi_avl_tree.py,2485821.4,0.2361416352039668,81,25,2.78,5,213.97,38.69,1,-5.25,-0.03,-10.99,-7.41,-7.33,-28.57,-4.01,4.03,0.0
deepseek_stagedcg_avl_tree.py,2505425.8,0.2360396083968226,89,25,2.5,4,202.12,37.97,1,-4.5,-0.07,-2.2,-7.41,-16.67,-42.86,-9.33,2.1,0.0
deepseek_stagedgc_avl_tree.py,2469268.8,0.2359549581946339,84,22,2.0,4,220.81,38.65,1,-5.88,-0.11,-7.69,-18.52,-33.33,-42.86,-0.94,3.93,0.0
gpt-5.4_stagedcg_avl_tree.py,2526934.4,0.235517037595855,121,31,2.58,7,356.12,32.53,2,-3.68,-0.29,32.97,14.81,-14.0,0.0,59.76,-12.53,100.0
gpt_clean_avl_tree.py,2480364.4,0.2349352277989965,90,25,1.92,4,220.81,37.59,1,-5.45,-0.54,-1.1,-7.41,-36.0,-42.86,-0.94,1.08,0.0
gpt_green_avl_tree.py,2540582.0,0.233488510781899,117,28,2.55,7,317.07,33.61,1,-3.16,-1.15,28.57,3.7,-15.0,0.0,42.24,-9.63,0.0
gpt_multi_avl_tree.py,2478411.4,0.2377754188026301,96,25,2.5,5,289.99,36.15,1,-5.53,0.66,5.49,-7.41,-16.67,-28.57,30.09,-2.8,0.0
gpt_stagedgc_avl_tree.py,2517181.0,0.2413768127793446,118,30,2.14,6,295.0,33.48,1,-4.05,2.19,29.67,11.11,-28.67,-14.29,32.34,-9.98,0.0
llama_clean_avl_tree.py,2472003.0,0.2362353538046591,76,21,1.91,5,181.11,40.34,3,-5.77,0.01,-16.48,-22.22,-36.33,-28.57,-18.75,8.47,200.0
llama_green_avl_tree.py,,,95,33,3.3,7,262.33,35.48,2,,,4.4,22.22,10.0,0.0,17.68,-4.6,100.0
llama_multi_avl_tree.py,2497063.8,0.2353709118207916,69,23,2.3,11,361.89,38.88,2,-4.82,-0.35,-24.18,-14.81,-23.33,57.14,62.35,4.54,100.0
llama_stagedcg_avl_tree.py,2500286.8,0.2376651520142331,72,23,1.92,5,173.92,40.7,3,-4.7,0.62,-20.88,-14.81,-36.0,-28.57,-21.98,9.44,200.0
llama_stagedgc_avl_tree.py,,,94,38,2.71,8,235.56,35.24,3,,,3.3,40.74,-9.67,14.29,5.67,-5.24,200.0
qwen_clean_avl_tree.py,2476800.2,0.236675002228003,86,23,2.56,7,247.25,37.95,2,-5.59,0.2,-5.49,-14.81,-14.67,0.0,10.92,2.04,100.0
qwen_green_avl_tree.py,2525774.6,0.234630049788393,92,31,3.44,7,266.27,36.01,2,-3.72,-0.67,1.1,14.81,14.67,0.0,19.45,-3.17,100.0
qwen_multi_avl_tree.py,2523809.2,0.235667772416491,73,20,2.0,5,192.57,40.67,2,-3.8,-0.23,-19.78,-25.93,-33.33,-28.57,-13.61,9.36,100.0
qwen_stagedcg_avl_tree.py,2498602.0,0.2345813899883069,87,27,3.0,7,291.48,36.8,2,-4.76,-0.69,-4.4,0.0,0.0,0.0,30.76,-1.05,100.0
qwen_stagedgc_avl_tree.py,2528607.0,0.2392964230035431,92,31,3.44,7,291.48,35.74,2,-3.62,1.31,1.1,14.81,14.67,0.0,30.76,-3.9,100.0
,,,,,,,,,,,,,,,,,,
combination_sum.py,2475323.0,0.2316342885955236,29,9,3.0,4,211.0,50.61,1,0.0,0.0,0.0,0.0,0.0,0.0,0.0,0.0,0.0
deepseek_clean_combination_sum.py,2443011.0,0.2327368614031001,27,9,3.0,4,206.72,51.35,1,-1.31,0.48,-6.9,0.0,0.0,0.0,-2.03,1.46,0.0
deepseek_green_combination_sum.py,2485504.0,0.2352882062026765,31,9,3.0,4,208.89,50.01,1,0.41,1.58,6.9,0.0,0.0,0.0,-1.0,-1.19,0.0
deepseek_multi_combination_sum.py,2490386.6,0.2348506662005093,27,9,3.0,4,183.32,51.72,1,0.61,1.39,-6.9,0.0,0.0,0.0,-13.12,2.19,0.0
deepseek_stagedcg_combination_sum.py,2481146.0,0.2322315273981075,33,9,3.0,4,206.72,49.45,1,0.24,0.26,13.79,0.0,0.0,0.0,-2.03,-2.29,0.0
deepseek_stagedgc_combination_sum.py,2469549.2,0.2333996504137758,29,9,3.0,4,208.89,50.64,1,-0.23,0.76,0.0,0.0,0.0,0.0,-1.0,0.06,0.0
gpt_clean_combination_sum.py,2479473.4,0.2350338517979253,30,9,3.0,4,206.72,50.36,1,0.17,1.47,3.45,0.0,0.0,0.0,-2.03,-0.49,0.0
gpt_green_combination_sum.py,2491009.0,0.2426370332017541,44,17,5.67,8,302.63,44.49,1,0.63,4.75,51.72,88.89,89.0,100.0,43.43,-12.09,0.0
gpt_multi_combination_sum.py,2487444.8,0.2322970721987076,36,12,3.0,4,227.89,47.93,1,0.49,0.29,24.14,33.33,0.0,0.0,8.0,-5.3,0.0
gpt_stagedcg_combination_sum.py,2546795.0,0.2382506915950216,44,16,4.0,6,289.52,44.76,1,2.89,2.86,51.72,77.78,33.33,50.0,37.21,-11.56,0.0
gpt_stagedgc_combination_sum.py,2503338.6,0.2390266978065483,44,16,4.0,6,289.52,44.76,1,1.13,3.19,51.72,77.78,33.33,50.0,37.21,-11.56,0.0
llama_clean_combination_sum.py,2448346.0,0.2359703849884681,30,9,3.0,4,206.72,50.36,1,-1.09,1.87,3.45,0.0,0.0,0.0,-2.03,-0.49,0.0
llama_green_combination_sum.py,2460992.2,0.2358793688123114,29,9,3.0,4,225.72,50.41,1,-0.58,1.83,0.0,0.0,0.0,0.0,6.98,-0.4,0.0
llama_multi_combination_sum.py,2380450.2,0.2329488357994705,12,4,4.0,4,84.0,62.45,1,-3.83,0.57,-58.62,-55.56,33.33,0.0,-60.19,23.39,0.0
llama_stagedcg_combination_sum.py,2495940.6,0.2346337529947049,30,9,3.0,4,206.72,50.36,1,0.83,1.29,3.45,0.0,0.0,0.0,-2.03,-0.49,0.0
llama_stagedgc_combination_sum.py,2468084.2,0.2363814888172783,32,9,3.0,4,188.02,50.03,1,-0.29,2.05,10.34,0.0,0.0,0.0,-10.89,-1.15,0.0
qwen_clean_combination_sum.py,2444976.8,0.23131542080082,27,9,3.0,4,206.72,51.35,1,-1.23,-0.14,-6.9,0.0,0.0,0.0,-2.03,1.46,0.0
qwen_green_combination_sum.py,2462994.0,0.2397163803922012,31,9,3.0,4,208.89,50.01,1,-0.5,3.49,6.9,0.0,0.0,0.0,-1.0,-1.19,0.0
qwen_multi_combination_sum.py,2472711.0,0.2291894264053553,29,9,3.0,4,169.64,51.28,1,-0.11,-1.06,0.0,0.0,0.0,0.0,-19.6,1.32,0.0
qwen_stagedcg_combination_sum.py,2472039.4,0.2334498693817295,29,9,3.0,4,208.89,50.64,1,-0.13,0.78,0.0,0.0,0.0,0.0,-1.0,0.06,0.0
qwen_stagedgc_combination_sum.py,2459393.4,0.2325827323948033,31,9,3.0,4,208.89,50.01,1,-0.64,0.41,6.9,0.0,0.0,0.0,-1.0,-1.19,0.0
,,,,,,,,,,,,,,,,,,
fenwick_tree.py,2441546.2,0.2330612179997842,32,7,1.75,2,266.72,49.24,3,0.0,0.0,0.0,0.0,0.0,0.0,0.0,0.0,0.0
deepseek_clean_fenwick_tree.py,2444452.0,0.2316101524105761,34,9,1.5,2,270.89,48.35,3,0.12,-0.62,6.25,28.57,-14.29,0.0,1.56,-1.81,0.0
deepseek_green_fenwick_tree.py,2430828.8,0.2328555198037065,31,7,1.75,2,254.37,49.68,3,-0.44,-0.09,-3.12,0.0,0.0,0.0,-4.63,0.89,0.0
deepseek_multi_fenwick_tree.py,2429034.2,0.2313680812017992,38,10,1.67,2,345.11,46.42,2,-0.51,-0.73,18.75,42.86,-4.57,0.0,29.39,-5.73,-33.33
deepseek_stagedcg_fenwick_tree.py,2472589.0,0.2333910894114524,45,11,1.83,4,398.54,44.25,4,1.27,0.14,40.62,57.14,4.57,100.0,49.42,-10.13,33.33
deepseek_stagedgc_fenwick_tree.py,2444879.0,0.2311081644031219,37,10,1.43,2,244.84,47.72,2,0.14,-0.84,15.62,42.86,-18.29,0.0,-8.2,-3.09,-33.33
gpt_clean_fenwick_tree.py,2439080.8,0.2327178760024253,38,9,1.5,2,274.84,47.25,3,-0.1,-0.15,18.75,28.57,-14.29,0.0,3.04,-4.04,0.0
gpt_green_fenwick_tree.py,2424249.0,0.232840677187778,40,8,2.0,3,351.25,46.15,4,-0.71,-0.09,25.0,14.29,14.29,50.0,31.69,-6.28,33.33
gpt_multi_fenwick_tree.py,2438519.2,0.2311997875920496,41,8,2.0,3,353.6,45.9,4,-0.12,-0.8,28.12,14.29,14.29,50.0,32.57,-6.78,33.33
gpt_stagedcg_fenwick_tree.py,2438067.4,0.2334444571752101,47,10,1.67,3,516.19,43.18,4,-0.14,0.16,46.88,42.86,-4.57,50.0,93.53,-12.31,33.33
gpt_stagedgc_fenwick_tree.py,2443268.0,0.2330727170105092,39,8,2.0,3,351.25,46.39,3,0.07,0.0,21.88,14.29,14.29,50.0,31.69,-5.79,0.0
llama_clean_fenwick_tree.py,2459246.6,0.2337806480005383,38,10,1.43,2,268.84,47.18,2,0.72,0.31,18.75,42.86,-18.29,0.0,0.79,-4.18,-33.33
llama_green_fenwick_tree.py,2426800.4,0.2327974429936148,36,11,1.83,2,266.72,47.58,3,-0.6,-0.11,12.5,57.14,4.57,0.0,0.0,-3.37,0.0
llama_multi_fenwick_tree.py,2383270.2,0.2325599954230711,34,8,1.6,2,241.08,48.84,2,-2.39,-0.22,6.25,14.29,-8.57,0.0,-9.61,-0.81,-33.33
llama_stagedcg_fenwick_tree.py,,,0,8,1.6,2,0.0,0.0,0,,,-100.0,14.29,-8.57,0.0,-100.0,-100.0,-100.0
llama_stagedgc_fenwick_tree.py,2446234.2,0.2316136909998022,36,11,1.83,2,266.72,47.58,2,0.19,-0.62,12.5,57.14,4.57,0.0,0.0,-3.37,-33.33
qwen_clean_fenwick_tree.py,2458367.8,0.2330877319909632,32,7,1.75,2,266.72,49.24,3,0.69,0.01,0.0,0.0,0.0,0.0,0.0,0.0,0.0
qwen_green_fenwick_tree.py,2429400.4,0.2319079335895367,42,7,1.75,2,472.3,44.92,5,-0.5,-0.49,31.25,0.0,0.0,0.0,77.08,-8.77,66.67
qwen_multi_fenwick_tree.py,2411529.2,0.2330015541869215,32,7,1.75,2,266.72,49.24,3,-1.23,-0.03,0.0,0.0,0.0,0.0,0.0,0.0,0.0
qwen_stagedcg_fenwick_tree.py,2408551.4,0.2329446938121691,34,7,1.75,2,266.72,48.66,4,-1.35,-0.05,6.25,0.0,0.0,0.0,0.0,-1.18,33.33
qwen_stagedgc_fenwick_tree.py,2440240.4,0.2328267862088978,42,7,1.75,2,472.3,44.92,5,-0.05,-0.1,31.25,0.0,0.0,0.0,77.08,-8.77,66.67
,,,,,,,,,,,,,,,,,,
job_scheduling.py,2472540.4,0.2344549803994596,41,9,3.0,4,213.62,47.3,0,0.0,0.0,0.0,0.0,0.0,0.0,0.0,0.0,0.0
deepseek_clean_job_scheduling.py,2524895.8,0.2345717771968338,43,9,2.25,4,232.99,46.58,0,2.12,0.05,4.88,0.0,-25.0,0.0,9.07,-1.52,
deepseek_green_job_scheduling.py,2522100.6,0.2359387265983969,44,9,3.0,5,245.34,46.21,0,2.0,0.63,7.32,0.0,0.0,25.0,14.85,-2.3,
deepseek_multi_job_scheduling.py,2490362.4,0.2394461553951259,42,10,3.33,5,320.51,45.7,0,0.72,2.13,2.44,11.11,11.0,25.0,50.04,-3.38,
deepseek_stagedcg_job_scheduling.py,2522491.0,0.2355701330001466,47,10,2.5,5,255.16,45.33,0,2.02,0.48,14.63,11.11,-16.67,25.0,19.45,-4.16,
deepseek_stagedgc_job_scheduling.py,2522283.4,0.2364855743944645,45,10,2.5,4,245.34,45.86,0,2.01,0.87,9.76,11.11,-16.67,0.0,14.85,-3.04,
gpt_clean_job_scheduling.py,2502960.0,0.2347897834028117,43,8,2.67,4,213.75,46.98,0,1.23,0.14,4.88,-11.11,-11.0,0.0,0.06,-0.68,
gpt_green_job_scheduling.py,2496356.0,0.2426580147934146,45,10,3.33,6,233.18,46.01,0,0.96,3.5,9.76,11.11,11.0,50.0,9.16,-2.73,
gpt_multi_job_scheduling.py,2490227.8,0.2366089148097671,44,9,3.0,5,204.04,46.77,0,0.72,0.92,7.32,0.0,0.0,25.0,-4.48,-1.12,
gpt_stagedcg_job_scheduling.py,2514971.2,0.2342564614024013,49,10,3.33,6,218.61,45.4,0,1.72,-0.08,19.51,11.11,11.0,50.0,2.34,-4.02,
gpt_stagedgc_job_scheduling.py,2543560.2,0.2410763313993811,48,10,3.33,5,250.25,45.19,0,2.87,2.82,17.07,11.11,11.0,25.0,17.15,-4.46,
llama_clean_job_scheduling.py,2489129.6,0.2329060322022997,32,7,2.33,3,136.16,51.28,0,0.67,-0.66,-21.95,-22.22,-22.33,-25.0,-36.26,8.41,
llama_green_job_scheduling.py,2491546.4,0.2364196421927772,40,9,3.0,5,285.0,46.65,0,0.77,0.84,-2.44,0.0,0.0,25.0,33.41,-1.37,
llama_multi_job_scheduling.py,2491546.4,0.2386871549999341,39,9,3.0,5,285.0,46.89,0,0.77,1.81,-4.88,0.0,0.0,25.0,33.41,-0.87,
llama_stagedcg_job_scheduling.py,2528545.8,0.234718864003662,38,9,3.0,5,285.0,47.14,0,2.27,0.11,-7.32,0.0,0.0,25.0,33.41,-0.34,
llama_stagedgc_job_scheduling.py,2540240.2,0.2350348505889997,41,10,2.5,5,285.0,46.28,0,2.74,0.25,0.0,11.11,-16.67,25.0,33.41,-2.16,
qwen_clean_job_scheduling.py,2498382.8,0.2361338538001291,41,8,2.67,4,213.75,47.43,0,1.05,0.72,0.0,-11.11,-11.0,0.0,0.06,0.27,
qwen_green_job_scheduling.py,2534210.2,0.235637961816974,42,8,2.67,4,216.33,47.16,0,2.49,0.5,2.44,-11.11,-11.0,0.0,1.27,-0.3,
qwen_multi_job_scheduling.py,2544268.0,0.2328816754044965,41,8,2.67,4,213.75,47.43,0,2.9,-0.67,0.0,-11.11,-11.0,0.0,0.06,0.27,
qwen_stagedcg_job_scheduling.py,2486468.0,0.2408330450067296,42,8,2.67,4,211.52,47.23,0,0.56,2.72,2.44,-11.11,-11.0,0.0,-0.98,-0.15,
qwen_stagedgc_job_scheduling.py,2526104.0,0.2391734216012992,42,8,2.67,4,216.33,47.16,0,2.17,2.01,2.44,-11.11,-11.0,0.0,1.27,-0.3,
,,,,,,,,,,,,,,,,,,
kd_tree.py,4812414.4,0.4724295637977775,60,13,2.17,5,223.85,43.01,0,0.0,0.0,0.0,0.0,0.0,0.0,0.0,0.0,0.0
deepseek_clean_kd_tree.py,,,65,14,2.33,6,258.5,41.68,0,,,8.33,7.69,7.37,20.0,15.48,-3.09,
deepseek_green_kd_tree.py,4766772.6,0.4722354377969168,67,13,2.17,5,239.11,41.76,0,-0.95,-0.04,11.67,0.0,0.0,0.0,6.82,-2.91,
deepseek_multi_kd_tree.py,,,0,14,2.33,6,0.0,0.0,0,,,-100.0,7.69,7.37,20.0,-100.0,-100.0,
deepseek_stagedcg_kd_tree.py,,,71,15,2.5,7,293.88,40.32,0,,,18.33,15.38,15.21,40.0,31.28,-6.25,
deepseek_stagedgc_kd_tree.py,4888830.2,0.4715488255955279,89,22,2.0,4,388.82,36.38,1,1.59,-0.19,48.33,69.23,-7.83,-20.0,73.7,-15.42,
gpt_clean_kd_tree.py,2644463.2,0.2475214928039349,67,14,2.0,4,223.85,41.83,0,-45.05,-47.61,11.67,7.69,-7.83,-20.0,0.0,-2.74,
gpt_green_kd_tree.py,4770861.6,0.4727610543952323,77,14,2.33,5,256.46,40.1,0,-0.86,0.07,28.33,7.69,7.37,0.0,14.57,-6.77,
gpt_multi_kd_tree.py,2606304.2,0.251912978803739,70,14,2.33,5,256.46,41.0,0,-45.84,-46.68,16.67,7.69,7.37,0.0,14.57,-4.67,
gpt_stagedcg_kd_tree.py,2624968.8,0.2489770614076406,70,18,3.6,11,348.24,39.53,0,-45.45,-47.3,16.67,38.46,65.9,120.0,55.57,-8.09,
gpt_stagedgc_kd_tree.py,2614300.4,0.2474619674030691,72,14,2.33,5,258.5,40.71,0,-45.68,-47.62,20.0,7.69,7.37,0.0,15.48,-5.35,
llama_clean_kd_tree.py,4740332.2,0.4721601070137694,60,13,2.17,5,221.95,43.03,0,-1.5,-0.06,0.0,0.0,0.0,0.0,-0.85,0.05,
llama_green_kd_tree.py,4779944.0,0.4719582134159282,60,13,2.17,5,223.85,43.01,0,-0.67,-0.1,0.0,0.0,0.0,0.0,0.0,0.0,
llama_multi_kd_tree.py,4747973.6,0.4718673862051218,60,13,2.17,5,223.85,43.01,0,-1.34,-0.12,0.0,0.0,0.0,0.0,0.0,0.0,
llama_stagedcg_kd_tree.py,4780737.4,0.4718422187841497,60,13,2.17,5,221.95,43.03,0,-0.66,-0.12,0.0,0.0,0.0,0.0,-0.85,0.05,
llama_stagedgc_kd_tree.py,4813220.4,0.4721581818186678,60,13,2.17,5,223.85,43.01,0,0.02,-0.06,0.0,0.0,0.0,0.0,0.0,0.0,
qwen_clean_kd_tree.py,5121495.4,0.4719136365922168,64,13,2.17,5,242.99,42.15,0,6.42,-0.11,6.67,0.0,0.0,0.0,8.55,-2.0,
qwen_green_kd_tree.py,4800793.4,0.4718551310012117,63,13,2.17,5,254.37,42.16,0,-0.24,-0.12,5.0,0.0,0.0,0.0,13.63,-1.98,
qwen_multi_kd_tree.py,4782165.8,0.4719389268080703,62,13,2.17,5,221.95,42.72,0,-0.63,-0.1,3.33,0.0,0.0,0.0,-0.85,-0.67,
qwen_stagedcg_kd_tree.py,5192772.2,0.4720952911884524,64,13,2.17,5,256.46,41.98,0,7.9,-0.07,6.67,0.0,0.0,0.0,14.57,-2.39,
qwen_stagedgc_kd_tree.py,4767822.6,0.4716887884074822,61,13,2.17,5,232.85,42.73,0,-0.93,-0.16,1.67,0.0,0.0,0.0,4.02,-0.65,
,,,,,,,,,,,,,,,,,,
longest_increasing.py,2659832.0,0.2470030262076761,74,26,3.71,5,1094.04,34.45,0,0.0,0.0,0.0,0.0,0.0,0.0,0.0,0.0,0.0
deepseek_clean_longest_increasing.py,2638604.2,0.2629468778031878,64,21,2.62,5,676.1,37.96,2,-0.8,6.45,-13.51,-19.23,-29.38,0.0,-38.2,10.19,
deepseek_green_longest_increasing.py,2578558.0,0.2450430328084621,72,23,7.67,13,560.17,37.15,0,-3.06,-0.79,-2.7,-11.54,106.74,160.0,-48.8,7.84,
deepseek_multi_longest_increasing.py,2644560.8,0.2530703175929375,66,22,2.75,5,693.36,37.46,4,-0.57,2.46,-10.81,-15.38,-25.88,0.0,-36.62,8.74,
deepseek_stagedcg_longest_increasing.py,2652483.4,0.2514267801947426,72,22,3.67,6,564.39,37.26,0,-0.28,1.79,-2.7,-15.38,-1.08,20.0,-48.41,8.16,
deepseek_stagedgc_longest_increasing.py,2633086.4,0.2477630983979906,72,21,3.5,5,491.35,37.81,0,-1.01,0.31,-2.7,-19.23,-5.66,0.0,-55.09,9.75,
gpt_clean_longest_increasing.py,2647161.4,0.2425124272005632,64,21,3.5,5,623.56,38.21,4,-0.48,-1.82,-13.51,-19.23,-5.66,0.0,-43.0,10.91,
gpt_green_longest_increasing.py,2619378.0,0.2425227947998792,92,30,6.0,7,729.23,33.08,0,-1.52,-1.81,24.32,15.38,61.73,40.0,-33.35,-3.98,
gpt_multi_longest_increasing.py,2613396.8,0.2467647380195558,71,23,4.6,6,742.67,36.42,2,-1.75,-0.1,-4.05,-11.54,23.99,20.0,-32.12,5.72,
gpt_stagedcg_longest_increasing.py,2731816.6,0.3370548630133271,99,32,5.33,8,881.74,31.54,4,2.71,36.46,33.78,23.08,43.67,60.0,-19.41,-8.45,
gpt_stagedgc_longest_increasing.py,2557574.2,0.2382023159996606,77,23,4.6,5,572.79,36.44,0,-3.84,-3.56,4.05,-11.54,23.99,0.0,-47.64,5.78,
llama_clean_longest_increasing.py,2670232.6,0.2824200487928465,74,25,3.57,5,1120.09,34.51,0,0.39,14.34,0.0,-3.85,-3.77,0.0,2.38,0.17,
llama_green_longest_increasing.py,2473455.8,0.2360272101941518,33,11,3.67,5,55.51,53.18,0,-7.01,-4.44,-55.41,-57.69,-1.08,0.0,-94.93,54.37,
llama_multi_longest_increasing.py,2468047.6,0.2361662287847138,23,8,4.0,5,41.51,57.89,0,-7.21,-4.39,-68.92,-69.23,7.82,0.0,-96.21,68.04,
llama_stagedcg_longest_increasing.py,2514324.8,0.2345187495695427,33,10,3.33,4,72.0,52.53,0,-5.47,-5.05,-55.41,-61.54,-10.24,-20.0,-93.42,52.48,
llama_stagedgc_longest_increasing.py,,,0,7,3.5,4,0.0,0.0,0,,,-100.0,-73.08,-5.66,-20.0,-100.0,-100.0,
qwen_clean_longest_increasing.py,4783251.6,0.4718215150060132,66,21,3.5,5,699.83,37.56,2,79.83,91.02,-10.81,-19.23,-5.66,0.0,-36.03,9.03,
qwen_green_longest_increasing.py,2861943.4,0.3597951792064123,89,36,5.14,7,1335.09,30.75,0,7.6,45.66,20.27,38.46,38.54,40.0,22.03,-10.74,
qwen_multi_longest_increasing.py,4900390.4,0.471423688577488,86,31,4.43,6,1192.22,32.09,0,84.24,90.86,16.22,19.23,19.41,20.0,8.97,-6.85,
qwen_stagedcg_longest_increasing.py,4698706.4,0.4718607675982639,46,15,5.0,6,185.44,45.83,0,76.65,91.03,-37.84,-42.31,34.77,20.0,-83.05,33.03,
qwen_stagedgc_longest_increasing.py,2654827.4,0.2510866847936995,72,27,4.5,7,835.63,35.39,0,-0.19,1.65,-2.7,3.85,21.29,40.0,-23.62,2.73,
,,,,,,,,,,,,,,,,,,
maximum_flow.py,3863771.8,0.4724726339976769,114,42,7.0,12,867.55,28.91,10,0.0,0.0,0.0,0.0,0.0,0.0,0.0,0.0,0.0
deepseek_clean_maximum_flow.py,3893129.8,0.4717525874031708,124,39,4.88,6,972.01,28.17,4,0.76,-0.15,8.77,-7.14,-30.29,-50.0,12.04,-2.56,-60.0
deepseek_green_maximum_flow.py,3896255.0,0.472409802605398,117,38,6.33,11,940.67,28.95,10,0.84,-0.01,2.63,-9.52,-9.57,-8.33,8.43,0.14,0.0
deepseek_multi_maximum_flow.py,3787795.2,0.4720380260027014,114,36,6.0,9,910.13,29.57,3,-1.97,-0.09,0.0,-14.29,-14.29,-25.0,4.91,2.28,-70.0
deepseek_stagedcg_maximum_flow.py,3847951.6,0.4717469500028528,129,42,5.25,7,964.88,27.41,4,-0.41,-0.15,13.16,0.0,-25.0,-41.67,11.22,-5.19,-60.0
deepseek_stagedgc_maximum_flow.py,5486900.0,0.4953801552008371,137,45,3.21,6,908.46,26.62,3,42.01,4.85,20.18,7.14,-54.14,-50.0,4.72,-7.92,-70.0
gpt_clean_maximum_flow.py,3897463.0,0.4712817866005935,142,37,4.62,9,902.01,27.38,11,0.87,-0.25,24.56,-11.9,-34.0,-25.0,3.97,-5.29,10.0
gpt_green_maximum_flow.py,3367789.2,0.47207126240246,140,46,6.57,12,1168.28,25.52,12,-12.84,-0.08,22.81,9.52,-6.14,0.0,34.66,-11.73,20.0
gpt_multi_maximum_flow.py,3313919.6,0.4710703656077385,123,38,5.43,10,1038.51,28.18,11,-14.23,-0.3,7.89,-9.52,-22.43,-16.67,19.71,-2.53,10.0
gpt_stagedcg_maximum_flow.py,3376785.8,0.472279405419249,166,47,5.88,11,1047.01,24.1,12,-12.6,-0.04,45.61,11.9,-16.0,-8.33,20.69,-16.64,20.0
gpt_stagedgc_maximum_flow.py,3380240.2,0.4726352982106618,149,48,5.33,9,1170.9,24.65,11,-12.51,0.03,30.7,14.29,-23.86,-25.0,34.97,-14.74,10.0
llama_clean_maximum_flow.py,3864589.8,0.4720661068102345,114,37,6.17,10,1022.52,29.08,4,0.02,-0.09,0.0,-11.9,-11.86,-16.67,17.86,0.59,-60.0
llama_green_maximum_flow.py,,,114,37,6.17,10,951.93,29.3,10,,,0.0,-11.9,-11.86,-16.67,9.73,1.35,0.0
llama_multi_maximum_flow.py,3809853.4,0.4722029635915533,107,0,0.0,0,1021.78,34.66,7,-1.4,-0.06,-6.14,-100.0,-100.0,-100.0,17.78,19.89,-30.0
llama_stagedcg_maximum_flow.py,3826846.0,0.4730785654159263,114,37,6.17,10,1022.52,29.08,4,-0.96,0.13,0.0,-11.9,-11.86,-16.67,17.86,0.59,-60.0
llama_stagedgc_maximum_flow.py,,,102,31,4.43,6,735.0,31.95,4,,,-10.53,-26.19,-36.71,-50.0,-15.28,10.52,-60.0
qwen_clean_maximum_flow.py,3885415.0,0.4712190478108823,113,37,6.17,10,998.1,29.24,5,0.56,-0.27,-0.88,-11.9,-11.86,-16.67,15.05,1.14,-50.0
qwen_green_maximum_flow.py,3329178.6,0.4725388954044319,119,40,6.67,10,964.88,28.45,10,-13.84,0.01,4.39,-4.76,-4.71,-16.67,11.22,-1.59,0.0
qwen_multi_maximum_flow.py,3900270.8,0.4715864130062982,115,38,6.33,10,956.0,29.07,5,0.94,-0.19,0.88,-9.52,-9.57,-16.67,10.2,0.55,-50.0
qwen_stagedcg_maximum_flow.py,3873488.4,0.471960579615552,117,39,6.5,10,1011.15,28.6,5,0.25,-0.11,2.63,-7.14,-7.14,-16.67,16.55,-1.07,-50.0
qwen_stagedgc_maximum_flow.py,3358292.2,0.4725303355953656,121,40,6.67,10,964.88,28.29,4,-13.08,0.01,6.14,-4.76,-4.71,-16.67,11.22,-2.14,-60.0
,,,,,,,,,,,,,,,,,,
minimum_spanning_tree.py,2454168.6,0.2346040786011144,48,12,2.4,5,156.91,46.34,10,0.0,0.0,0.0,0.0,0.0,0.0,0.0,0.0,0.0
deepseek_clean_minimum_spanning_tree.py,2386822.4,0.2313689762027934,47,11,2.2,4,155.11,46.71,8,-2.74,-1.38,-2.08,-8.33,-8.33,-20.0,-1.15,0.8,-20.0
deepseek_green_minimum_spanning_tree.py,2461578.0,0.2337998181988951,51,12,2.4,4,189.46,45.19,10,0.3,-0.34,6.25,0.0,0.0,-20.0,20.74,-2.48,0.0
deepseek_multi_minimum_spanning_tree.py,2421795.4,0.2315803213976323,47,11,2.2,4,155.11,46.71,8,-1.32,-1.29,-2.08,-8.33,-8.33,-20.0,-1.15,0.8,-20.0
deepseek_stagedcg_minimum_spanning_tree.py,2461065.6,0.2328442696016281,58,14,2.8,6,187.49,43.73,8,0.28,-0.75,20.83,16.67,16.67,20.0,19.49,-5.63,-20.0
deepseek_stagedgc_minimum_spanning_tree.py,2444464.0,0.2330419499892741,52,12,2.4,4,171.18,45.31,4,-0.4,-0.67,8.33,0.0,0.0,-20.0,9.09,-2.22,-60.0
gpt_clean_minimum_spanning_tree.py,2421966.4,0.2333829493960365,47,11,2.2,4,173.06,46.37,10,-1.31,-0.52,-2.08,-8.33,-8.33,-20.0,10.29,0.06,0.0
gpt_green_minimum_spanning_tree.py,2466534.4,0.2346945257973857,68,13,2.6,5,267.64,41.28,10,0.5,0.04,41.67,8.33,8.33,0.0,70.57,-10.92,0.0
gpt_multi_minimum_spanning_tree.py,2429315.0,0.2334609695943072,48,11,2.2,4,155.11,46.51,10,-1.01,-0.49,0.0,-8.33,-8.33,-20.0,-1.15,0.37,0.0
gpt_stagedcg_minimum_spanning_tree.py,2455743.2,0.2331196320010349,60,12,2.4,4,191.37,43.62,10,0.06,-0.63,25.0,0.0,0.0,-20.0,21.96,-5.87,0.0
gpt_stagedgc_minimum_spanning_tree.py,2432940.8,0.2330593059887178,59,12,2.4,4,191.37,43.78,10,-0.86,-0.66,22.92,0.0,0.0,-20.0,21.96,-5.52,0.0
llama_clean_minimum_spanning_tree.py,2409930.2,0.2341323095955886,45,11,2.2,5,123.79,47.8,8,-1.8,-0.2,-6.25,-8.33,-8.33,0.0,-21.11,3.15,-20.0
llama_green_minimum_spanning_tree.py,2402606.2,0.2312279549892991,48,10,2.0,4,173.06,46.31,10,-2.1,-1.44,0.0,-16.67,-16.67,-20.0,10.29,-0.06,0.0
llama_multi_minimum_spanning_tree.py,2407086.2,0.231661158602219,49,10,2.0,4,155.11,46.45,8,-1.92,-1.25,2.08,-16.67,-16.67,-20.0,-1.15,0.24,-20.0
llama_stagedcg_minimum_spanning_tree.py,2411029.0,0.2319179192068986,45,11,2.2,5,123.79,47.8,8,-1.76,-1.14,-6.25,-8.33,-8.33,0.0,-21.11,3.15,-20.0
llama_stagedgc_minimum_spanning_tree.py,2455303.4,0.2334673764067702,48,11,2.2,4,173.06,46.17,5,0.05,-0.48,0.0,-8.33,-8.33,-20.0,10.29,-0.37,-50.0
qwen_clean_minimum_spanning_tree.py,2444842.4,0.2328300238004885,48,11,2.2,4,155.11,46.51,7,-0.38,-0.76,0.0,-8.33,-8.33,-20.0,-1.15,0.37,-30.0
qwen_green_minimum_spanning_tree.py,2452716.0,0.2329982622060925,48,11,2.2,4,191.37,45.87,10,-0.06,-0.68,0.0,-8.33,-8.33,-20.0,21.96,-1.01,0.0
qwen_multi_minimum_spanning_tree.py,2439532.4,0.2312193688005209,49,11,2.2,4,173.06,45.98,10,-0.6,-1.44,2.08,-8.33,-8.33,-20.0,10.29,-0.78,0.0
qwen_stagedcg_minimum_spanning_tree.py,2433721.6,0.2343409367953427,49,11,2.2,4,155.11,46.31,7,-0.83,-0.11,2.08,-8.33,-8.33,-20.0,-1.15,-0.06,-30.0
qwen_stagedgc_minimum_spanning_tree.py,2440801.8,0.2317383585846983,49,11,2.2,4,173.06,45.98,7,-0.54,-1.22,2.08,-8.33,-8.33,-20.0,10.29,-0.78,-30.0
,,,,,,,,,,,,,,,,,,
priority_queue.py,4726709.0,0.4724688864022027,44,13,1.86,4,66.61,49.63,0,0.0,0.0,0.0,0.0,0.0,0.0,0.0,0.0,0.0
deepseek_clean_priority_queue.py,4706482.4,0.4723707346012816,51,15,1.67,4,70.32,47.8,3,-0.43,-0.02,15.91,15.38,-10.22,0.0,5.57,-3.69,
deepseek_green_priority_queue.py,,,0,14,2.0,5,0.0,0.0,0,,,-100.0,7.69,7.53,25.0,-100.0,-100.0,
deepseek_multi_priority_queue.py,4717712.6,0.4723348997998983,52,15,1.67,3,72.0,47.54,0,-0.19,-0.03,18.18,15.38,-10.22,-25.0,8.09,-4.21,
deepseek_stagedcg_priority_queue.py,4722192.6,0.4726283263938967,62,18,2.0,7,171.18,42.84,3,-0.1,0.03,40.91,38.46,7.53,75.0,156.99,-13.68,
deepseek_stagedgc_priority_queue.py,,,0,16,1.78,4,0.0,0.0,0,,,-100.0,23.08,-4.3,0.0,-100.0,-100.0,
gpt_clean_priority_queue.py,4734509.6,0.4721645573968999,45,14,1.75,4,70.32,49.12,0,0.17,-0.06,2.27,7.69,-5.91,0.0,5.57,-1.03,
gpt_green_priority_queue.py,4826550.4,0.4723077401751652,57,16,2.29,9,88.0,45.93,0,2.11,-0.03,29.55,23.08,23.12,125.0,32.11,-7.46,
gpt_multi_priority_queue.py,4694848.4,0.4725633883965202,44,13,1.86,4,129.66,47.61,0,-0.67,0.02,0.0,0.0,0.0,0.0,94.66,-4.07,
gpt_stagedcg_priority_queue.py,4753613.2,0.4721453565987758,53,15,1.88,5,133.78,45.48,0,0.57,-0.07,20.45,15.38,1.08,25.0,100.84,-8.36,
gpt_stagedgc_priority_queue.py,4765771.4,0.4721826568013057,65,17,1.89,5,87.57,44.57,0,0.83,-0.06,47.73,30.77,1.61,25.0,31.47,-10.2,
llama_clean_priority_queue.py,4655371.2,0.4722399994032457,49,15,1.67,3,70.32,48.18,0,-1.51,-0.05,11.36,15.38,-10.22,-25.0,5.57,-2.92,
llama_green_priority_queue.py,4669885.4,0.4717484030057676,42,12,1.71,4,53.77,50.86,0,-1.2,-0.15,-4.55,-7.69,-8.06,0.0,-19.28,2.48,
llama_multi_priority_queue.py,4688794.2,0.4723124100011773,43,12,1.5,3,57.11,50.45,0,-0.8,-0.03,-2.27,-7.69,-19.35,-25.0,-14.26,1.65,
llama_stagedcg_priority_queue.py,4767187.6,0.4726175287854858,47,14,1.56,3,57.11,49.34,0,0.86,0.03,6.82,7.69,-16.13,-25.0,-14.26,-0.58,
llama_stagedgc_priority_queue.py,4781421.0,0.4720478588016704,44,13,1.62,4,53.77,50.28,0,1.16,-0.09,0.0,0.0,-12.9,0.0,-19.28,1.31,
qwen_clean_priority_queue.py,4759875.4,0.4727339167962782,47,14,2.0,4,76.15,48.47,0,0.7,0.06,6.82,7.69,7.53,0.0,14.32,-2.34,
qwen_green_priority_queue.py,4731384.4,0.4721365447971039,51,14,2.0,5,129.66,46.07,3,0.1,-0.07,15.91,7.69,7.53,25.0,94.66,-7.17,
qwen_multi_priority_queue.py,4721008.6,0.4720851266174577,52,15,2.14,5,144.75,45.42,3,-0.12,-0.08,18.18,15.38,15.05,25.0,117.31,-8.48,
qwen_stagedcg_priority_queue.py,4706457.6,0.4719078851747326,57,15,2.14,5,180.69,43.88,0,-0.43,-0.12,29.55,15.38,15.05,25.0,171.27,-11.59,
qwen_stagedgc_priority_queue.py,4694714.8,0.4728014528052881,51,14,2.0,5,129.66,46.07,3,-0.68,0.07,15.91,7.69,7.53,25.0,94.66,-7.17,
,,,,,,,,,,,,,,,,,,
satisfiability.py,2518951.2,0.2326386343978811,72,31,5.17,10,157.89,39.92,4,0.0,0.0,0.0,0.0,0.0,0.0,0.0,0.0,0.0
deepseek_clean_satisfiability.py,2537823.4,0.2455971144023351,70,31,4.43,10,125.34,40.89,0,0.75,5.57,-2.78,0.0,-14.31,0.0,-20.62,2.43,-100.0
deepseek_green_satisfiability.py,2557940.6,0.2406380897969939,92,38,6.33,11,197.1,35.98,4,1.55,3.44,27.78,22.58,22.44,10.0,24.83,-9.87,0.0
deepseek_multi_satisfiability.py,2550982.2,0.2386162900016643,70,29,7.25,10,194.32,39.83,1,1.27,2.57,-2.78,-6.45,40.23,0.0,23.07,-0.23,-75.0
deepseek_stagedcg_satisfiability.py,,,99,37,5.29,10,221.14,35.07,0,,,37.5,19.35,2.32,0.0,40.06,-12.15,-100.0
deepseek_stagedgc_satisfiability.py,,,80,32,4.0,10,100.08,40.18,0,,,11.11,3.23,-22.63,0.0,-36.61,0.65,-100.0
gpt-5.4_clean_satisfiability.py,2545660.0,0.2356015077966731,78,33,3.67,8,89.92,40.61,8,1.06,1.27,8.33,6.45,-29.01,-20.0,-43.05,1.73,100.0
gpt-5.4_green_satisfiability.py,2544012.0,0.2356912788003683,83,27,6.75,14,197.15,38.44,4,0.99,1.31,15.28,-12.9,30.56,40.0,24.87,-3.71,0.0
gpt-5.4_multi_satisfiability.py,2531378.0,0.2347489192034118,74,31,5.17,10,100.08,41.05,5,0.49,0.91,2.78,0.0,0.0,0.0,-36.61,2.83,25.0
gpt-5.4_stagedgc_satisfiability.py,2529693.2,0.2350167445954866,81,29,4.14,7,118.94,39.94,6,0.43,1.02,12.5,-6.45,-19.92,-30.0,-24.67,0.05,50.0
gpt_stagedcg_satisfiability.py,2530645.6,0.2373775748070329,89,24,3.43,6,125.34,39.56,5,0.46,2.04,23.61,-22.58,-33.66,-40.0,-20.62,-0.9,25.0
llama_clean_satisfiability.py,,,62,31,5.17,9,123.19,42.09,0,,,-13.89,0.0,0.0,-10.0,-21.98,5.44,-100.0
llama_green_satisfiability.py,2516204.2,0.2343459474039264,73,31,5.17,10,127.38,40.44,0,-0.11,0.73,1.39,0.0,0.0,0.0,-19.32,1.3,-100.0
llama_multi_satisfiability.py,2543438.6,0.2334543231991119,68,26,5.2,8,149.28,41.31,3,0.97,0.35,-5.56,-16.13,0.58,-20.0,-5.45,3.48,-25.0
llama_stagedcg_satisfiability.py,2516351.0,0.2372767476132139,71,30,6.0,9,230.62,39.04,3,-0.1,1.99,-1.39,-3.23,16.05,-10.0,46.06,-2.2,-25.0
llama_stagedgc_satisfiability.py,2567193.2,0.2321481431950815,86,33,3.67,8,167.18,37.8,0,1.92,-0.21,19.44,6.45,-29.01,-20.0,5.88,-5.31,-100.0
qwen_clean_satisfiability.py,2518426.0,0.2359638419933617,69,27,5.4,10,149.28,41.03,2,-0.02,1.43,-4.17,-12.9,4.45,0.0,-5.45,2.78,-50.0
qwen_green_satisfiability.py,,,94,44,7.33,10,393.08,32.87,4,,,30.56,41.94,41.78,0.0,148.96,-17.66,0.0
qwen_multi_satisfiability.py,2572478.8,0.23526073921239,80,33,6.6,10,262.33,37.11,3,2.12,1.13,11.11,6.45,27.66,0.0,66.15,-7.04,-25.0
qwen_stagedcg_satisfiability.py,2544525.0,0.2436387220164761,88,34,4.86,8,201.91,36.87,5,1.02,4.73,22.22,9.68,-6.0,-20.0,27.88,-7.64,25.0
qwen_stagedgc_satisfiability.py,,,88,36,7.2,10,183.32,36.89,3,,,22.22,16.13,39.26,0.0,16.11,-7.59,-25.0
,,,,,,,,,,,,,,,,,,
sqrt_decomposition.py,2533135.4,0.2356963803991675,42,14,4.67,9,555.61,43.49,0,0.0,0.0,0.0,0.0,0.0,0.0,0.0,0.0,0.0
deepseek_clean_sqrt_decomposition.py,2579241.4,0.2438617298030294,46,18,2.25,4,550.65,42.12,0,1.82,3.46,9.52,28.57,-51.82,-55.56,-0.89,-3.15,
deepseek_green_sqrt_decomposition.py,2586700.0,0.2351599875953979,53,14,4.67,9,558.22,41.27,0,2.11,-0.23,26.19,0.0,0.0,0.0,0.47,-5.1,
deepseek_multi_sqrt_decomposition.py,2608159.6,0.2425391707976814,43,14,2.33,4,550.65,43.29,0,2.96,2.9,2.38,0.0,-50.11,-55.56,-0.89,-0.46,
deepseek_stagedcg_sqrt_decomposition.py,2630987.0,0.2481615641969256,55,16,2.0,4,550.65,40.69,0,3.86,5.29,30.95,14.29,-57.17,-55.56,-0.89,-6.44,
deepseek_stagedgc_sqrt_decomposition.py,2595708.6,0.2463386663934215,56,14,2.8,5,676.97,40.16,0,2.47,4.52,33.33,0.0,-40.04,-44.44,21.84,-7.66,
gpt-5.4_clean_sqrt_decomposition.py,2571941.6,0.2411005838017445,46,10,1.67,2,414.27,44.06,1,1.53,2.29,9.52,-28.57,-64.24,-77.78,-25.44,1.31,
gpt-5.4_green_sqrt_decomposition.py,2609636.8,0.2385315640014596,51,12,4.0,6,552.94,41.93,1,3.02,1.2,21.43,-14.29,-14.35,-33.33,-0.48,-3.59,
gpt-5.4_multi_sqrt_decomposition.py,2601873.0,0.2411870825919322,47,11,2.2,4,492.6,43.19,1,2.71,2.33,11.9,-21.43,-52.89,-55.56,-11.34,-0.69,
gpt-5.4_stagedcg_sqrt_decomposition.py,2586773.2,0.2409048583940602,58,13,2.6,6,466.59,41.1,1,2.12,2.21,38.1,-7.14,-44.33,-33.33,-16.02,-5.5,
gpt-5.4_stagedgc_sqrt_decomposition.py,2563104.0,0.2427504262072034,47,10,1.67,2,374.41,44.16,1,1.18,2.99,11.9,-28.57,-64.24,-77.78,-32.61,1.54,
llama_clean_sqrt_decomposition.py,2560247.2,0.2448659020010382,48,15,2.5,6,590.69,41.9,1,1.07,3.89,14.29,7.14,-46.47,-33.33,6.31,-3.66,
llama_green_sqrt_decomposition.py,2553985.2,0.2364977167919278,42,10,3.33,5,564.39,43.98,0,0.82,0.34,0.0,-28.57,-28.69,-44.44,1.58,1.13,
llama_multi_sqrt_decomposition.py,2612249.2,0.2412518015946261,48,17,2.83,6,563.31,41.78,0,3.12,2.36,14.29,21.43,-39.4,-33.33,1.39,-3.93,
llama_stagedcg_sqrt_decomposition.py,2588592.0,0.2465643785777501,45,14,2.33,6,545.89,42.89,1,2.19,4.61,7.14,0.0,-50.11,-33.33,-1.75,-1.38,
llama_stagedgc_sqrt_decomposition.py,2588982.8,0.2445814742008224,46,11,1.57,3,375.03,44.23,1,2.2,3.77,9.52,-21.43,-66.38,-66.67,-32.5,1.7,
qwen_clean_sqrt_decomposition.py,2565618.4,0.2400199971860274,44,11,3.67,7,510.94,43.71,0,1.28,1.83,4.76,-21.43,-21.41,-22.22,-8.04,0.51,
qwen_green_sqrt_decomposition.py,2609026.4,0.2398983482155017,44,11,3.67,7,510.94,43.71,0,3.0,1.78,4.76,-21.43,-21.41,-22.22,-8.04,0.51,
qwen_multi_sqrt_decomposition.py,2541070.0,0.233734195609577,44,11,3.67,7,510.94,43.71,0,0.31,-0.83,4.76,-21.43,-21.41,-22.22,-8.04,0.51,
qwen_stagedcg_sqrt_decomposition.py,2582366.8,0.2387386614107526,48,12,4.0,8,610.02,42.21,0,1.94,1.29,14.29,-14.29,-14.35,-11.11,9.79,-2.94,
qwen_stagedgc_sqrt_decomposition.py,2552996.0,0.2383081428008154,44,11,3.67,7,510.94,43.71,0,0.78,1.11,4.76,-21.43,-21.41,-22.22,-8.04,0.51,
,,,,,,,,,,,,,,,,,,
strongly_connected_components_kosaraju.py,2436541.8,0.231434610200813,41,14,4.67,8,159.91,47.5,7,0.0,0.0,0.0,0.0,0.0,0.0,0.0,0.0,0.0
deepseek_clean_strongly_connected_components_kosaraju.py,2399969.2,0.2348311005975119,44,15,3.75,5,68.53,49.28,3,-1.5,1.47,7.32,7.14,-19.7,-37.5,-57.14,3.75,-57.14
deepseek_green_strongly_connected_components_kosaraju.py,2421759.0,0.2310467148025054,40,14,4.67,8,129.27,48.38,5,-0.61,-0.17,-2.44,0.0,0.0,0.0,-19.16,1.85,-28.57
deepseek_multi_strongly_connected_components_kosaraju.py,2392913.8,0.233784488402307,45,16,4.0,5,85.84,48.25,4,-1.79,1.02,9.76,14.29,-14.35,-37.5,-46.32,1.58,-42.86
deepseek_stagedcg_strongly_connected_components_kosaraju.py,2429803.2,0.2345853914157487,55,16,4.0,5,153.73,44.57,5,-0.28,1.36,34.15,14.29,-14.35,-37.5,-3.86,-6.17,-28.57
deepseek_stagedgc_strongly_connected_components_kosaraju.py,2405194.2,0.2321946521929931,49,18,3.6,5,78.14,47.46,5,-1.29,0.33,19.51,28.57,-22.91,-37.5,-51.14,-0.08,-28.57
gpt_clean_strongly_connected_components_kosaraju.py,2465911.6,0.2333507192088291,50,18,3.6,5,78.14,47.26,5,1.21,0.83,21.95,28.57,-22.91,-37.5,-51.14,-0.51,-28.57
gpt_green_strongly_connected_components_kosaraju.py,2420623.4,0.2333756451844237,57,17,8.5,14,106.27,45.22,5,-0.65,0.84,39.02,21.43,82.01,75.0,-33.54,-4.8,-28.57
gpt_multi_strongly_connected_components_kosaraju.py,2447247.2,0.232537074200809,49,18,3.6,5,78.14,47.46,5,0.44,0.48,19.51,28.57,-22.91,-37.5,-51.14,-0.08,-28.57
gpt_stagedcg_strongly_connected_components_kosaraju.py,2469048.8,0.2343462224001996,66,22,4.4,6,114.69,42.93,5,1.33,1.26,60.98,57.14,-5.78,-25.0,-28.28,-9.62,-28.57
gpt_stagedgc_strongly_connected_components_kosaraju.py,2465679.6,0.2342244967934675,68,20,4.0,6,110.45,43.03,7,1.2,1.21,65.85,42.86,-14.35,-25.0,-30.93,-9.41,0.0
llama_clean_strongly_connected_components_kosaraju.py,2424310.4,0.2310362627846189,45,15,3.75,5,68.53,49.06,0,-0.5,-0.17,9.76,7.14,-19.7,-37.5,-57.14,3.28,-100.0
llama_green_strongly_connected_components_kosaraju.py,2411126.4,0.2327935050008818,40,14,4.67,8,129.27,48.38,5,-1.04,0.59,-2.44,0.0,0.0,0.0,-19.16,1.85,-28.57
llama_multi_strongly_connected_components_kosaraju.py,2435186.8,0.2327412193990312,45,15,3.75,5,68.53,49.06,0,-0.06,0.56,9.76,7.14,-19.7,-37.5,-57.14,3.28,-100.0
llama_stagedcg_strongly_connected_components_kosaraju.py,2413848.8,0.2329252534080296,45,15,3.75,5,68.53,49.06,0,-0.93,0.64,9.76,7.14,-19.7,-37.5,-57.14,3.28,-100.0
llama_stagedgc_strongly_connected_components_kosaraju.py,2424957.6,0.2300186565844342,46,16,3.2,4,70.32,48.64,0,-0.48,-0.61,12.2,14.29,-31.48,-50.0,-56.03,2.4,-100.0
qwen_clean_strongly_connected_components_kosaraju.py,2479437.0,0.2344832149916328,50,18,3.6,5,78.14,47.26,5,1.76,1.32,21.95,28.57,-22.91,-37.5,-51.14,-0.51,-28.57
qwen_green_strongly_connected_components_kosaraju.py,2445843.6,0.2329075088026002,49,18,6.0,12,182.84,44.87,6,0.38,0.64,19.51,28.57,28.48,50.0,14.34,-5.54,-14.29
qwen_multi_strongly_connected_components_kosaraju.py,2420318.4,0.2311960652004927,45,15,3.75,5,68.53,49.06,5,-0.67,-0.1,9.76,7.14,-19.7,-37.5,-57.14,3.28,-28.57
qwen_stagedcg_strongly_connected_components_kosaraju.py,2477203.0,0.2365751711884513,65,23,4.6,6,153.8,42.05,5,1.67,2.22,58.54,64.29,-1.5,-25.0,-3.82,-11.47,-28.57
qwen_stagedgc_strongly_connected_components_kosaraju.py,2445196.6,0.2334349641925655,51,18,4.5,8,78.14,47.08,4,0.36,0.86,24.39,28.57,-3.64,0.0,-51.14,-0.88,-42.86
,,,,,,,,,,,,,,,,,,
traversal.py,2420758.2,0.2311232526029925,38,14,4.67,5,79.95,50.33,7,0.0,0.0,0.0,0.0,0.0,0.0,0.0,0.0,0.0
deepseek_clean_traversal.py,2363665.8,0.2315433997951913,33,8,2.0,3,53.77,53.68,1,-2.36,0.18,-13.16,-42.86,-57.17,-40.0,-32.75,6.66,-85.71
deepseek_green_traversal.py,2399041.8,0.2331181224086322,41,13,4.33,5,100.08,49.06,7,-0.9,0.86,7.89,-7.14,-7.28,0.0,25.18,-2.52,0.0
deepseek_multi_traversal.py,2372027.4,0.232463959796587,30,8,2.0,3,53.77,54.58,1,-2.01,0.58,-21.05,-42.86,-57.17,-40.0,-32.75,8.44,-85.71
deepseek_stagedcg_traversal.py,3170805.0,0.4675156874000095,44,13,3.25,4,68.53,49.55,1,30.98,102.28,15.79,-7.14,-30.41,-20.0,-14.28,-1.55,-85.71
deepseek_stagedgc_traversal.py,2385882.8,0.234954764007125,43,16,4.0,10,148.6,47.01,1,-1.44,1.66,13.16,14.29,-14.35,100.0,85.87,-6.6,-85.71
gpt_clean_traversal.py,2404498.2,0.2314413413871079,32,11,2.75,5,64.73,53.01,4,-0.67,0.14,-15.79,-21.43,-41.11,0.0,-19.04,5.32,-42.86
gpt_green_traversal.py,2420416.2,0.2328490567975677,47,12,4.0,4,85.84,48.37,7,-0.01,0.75,23.68,-14.29,-14.35,-20.0,7.37,-3.89,0.0
gpt_multi_traversal.py,3142094.2,0.4716436925926245,34,11,2.75,5,53.77,53.0,4,29.8,104.07,-10.53,-21.43,-41.11,0.0,-32.75,5.3,-42.86
gpt_stagedcg_traversal.py,2389532.4,0.2291872381931171,49,15,3.0,5,101.95,47.05,4,-1.29,-0.84,28.95,7.14,-35.76,0.0,27.52,-6.52,-42.86
gpt_stagedgc_traversal.py,2401947.0,0.2292458577896468,45,12,3.0,6,70.32,49.39,4,-0.78,-0.81,18.42,-14.29,-35.76,20.0,-12.05,-1.87,-42.86
llama_clean_traversal.py,3066764.8,0.4676009921939112,36,12,6.0,8,62.91,51.84,1,26.69,102.32,-5.26,-14.29,28.48,60.0,-21.31,3.0,-85.71
llama_green_traversal.py,2440106.2,0.2339922150014899,33,15,5.0,5,79.95,51.53,2,0.8,1.24,-13.16,7.14,7.07,0.0,0.0,2.38,-71.43
llama_multi_traversal.py,3154594.0,0.4658013819949701,38,12,6.0,8,62.91,51.33,1,30.31,101.54,0.0,-14.29,28.48,60.0,-21.31,1.99,-85.71
llama_stagedcg_traversal.py,,,33,14,3.5,7,51.89,52.98,1,,,-13.16,0.0,-25.05,40.0,-35.1,5.27,-85.71
llama_stagedgc_traversal.py,2415838.6,0.2329603237798437,35,15,7.5,10,99.91,50.3,2,-0.2,0.79,-7.89,7.14,60.6,100.0,24.97,-0.06,-71.43
qwen_clean_traversal.py,2400824.0,0.2312754580052569,33,9,3.0,3,82.04,52.26,1,-0.82,0.07,-13.16,-35.71,-35.76,-40.0,2.61,3.83,-85.71
qwen_green_traversal.py,2428058.0,0.2317506038001738,38,12,4.0,5,116.69,49.45,6,0.3,0.27,0.0,-14.29,-14.35,0.0,45.95,-1.75,-14.29
qwen_multi_traversal.py,2395233.2,0.2313010710175149,34,12,3.0,6,51.89,52.97,1,-1.05,0.08,-10.53,-14.29,-35.76,20.0,-35.1,5.25,-85.71
qwen_stagedcg_traversal.py,3138737.2,0.4630042787990532,34,9,3.0,3,82.04,51.98,1,29.66,100.33,-10.53,-35.71,-35.76,-40.0,2.61,3.28,-85.71
qwen_stagedgc_traversal.py,2443585.0,0.2313422275939956,39,12,4.0,5,116.69,49.21,1,0.94,0.09,2.63,-14.29,-14.35,0.0,45.95,-2.23,-85.71
,,,,,,,,,,,,,,,,,,
trie_add_and_search.py,3189518.0,0.4669844070100225,62,25,3.57,10,204.46,41.36,7,0.0,0.0,0.0,0.0,0.0,0.0,0.0,0.0,0.0
deepseek_clean_trie_add_and_search.py,3150809.8,0.471593500196468,67,30,2.73,7,192.29,40.14,7,-1.21,0.99,8.06,20.0,-23.53,-30.0,-5.95,-2.95,0.0
deepseek_green_trie_add_and_search.py,3222379.4,0.4726203029975295,67,26,3.25,9,232.85,40.09,7,1.03,1.21,8.06,4.0,-8.96,-10.0,13.89,-3.07,0.0
deepseek_multi_trie_add_and_search.py,3135502.2,0.470945342403138,54,22,2.75,7,171.9,43.6,7,-1.69,0.85,-12.9,-12.0,-22.97,-30.0,-15.92,5.42,0.0
deepseek_stagedcg_trie_add_and_search.py,3236331.8,0.4709738778008613,88,31,3.1,7,354.86,35.56,7,1.47,0.85,41.94,24.0,-13.17,-30.0,73.56,-14.02,0.0
deepseek_stagedgc_trie_add_and_search.py,3151395.8,0.4723324966034852,64,25,2.5,6,176.47,41.51,7,-1.2,1.15,3.23,0.0,-29.97,-40.0,-13.69,0.36,0.0
gpt_clean_trie_add_and_search.py,3143497.8,0.4720388446003198,50,21,2.33,5,148.6,44.91,7,-1.44,1.08,-19.35,-16.0,-34.73,-50.0,-27.32,8.58,0.0
gpt_green_trie_add_and_search.py,3244035.0,0.4722954439814202,76,27,3.38,9,213.03,39.04,7,1.71,1.14,22.58,8.0,-5.32,-10.0,4.19,-5.61,0.0
gpt_multi_trie_add_and_search.py,3174626.0,0.4704321424127556,52,21,2.62,7,146.72,44.57,7,-0.47,0.74,-16.13,-16.0,-26.61,-30.0,-28.24,7.76,0.0
gpt_stagedcg_trie_add_and_search.py,3124527.8,0.471800788200926,71,25,2.78,6,203.12,40.1,7,-2.04,1.03,14.52,0.0,-22.13,-40.0,-0.66,-3.05,0.0
gpt_stagedgc_trie_add_and_search.py,3194217.6,0.4723597290110774,69,25,2.78,6,211.0,40.25,7,0.15,1.15,11.29,0.0,-22.13,-40.0,3.2,-2.68,0.0
llama_clean_trie_add_and_search.py,3066593.8,0.4673276077955961,32,10,2.0,5,39.86,54.61,4,-3.85,0.07,-48.39,-60.0,-43.98,-50.0,-80.5,32.04,-42.86
llama_green_trie_add_and_search.py,3171549.6,0.4690187392057851,58,23,3.29,8,144.95,43.31,7,-0.56,0.44,-6.45,-8.0,-7.84,-20.0,-29.11,4.71,0.0
llama_multi_trie_add_and_search.py,3145768.2,0.4616724652121775,34,11,2.2,5,53.77,53.0,0,-1.37,-1.14,-45.16,-56.0,-38.38,-50.0,-73.7,28.14,-100.0
llama_stagedcg_trie_add_and_search.py,3181840.2,0.4661688250023871,32,10,2.0,5,39.86,54.61,0,-0.24,-0.17,-48.39,-60.0,-43.98,-50.0,-80.5,32.04,-100.0
llama_stagedgc_trie_add_and_search.py,3125663.4,0.4716934989904985,31,10,2.0,5,51.81,54.12,0,-2.0,1.01,-50.0,-60.0,-43.98,-50.0,-74.66,30.85,-100.0
qwen_clean_trie_add_and_search.py,3146745.2,0.4720722013851627,54,22,2.75,6,160.47,43.81,8,-1.34,1.09,-12.9,-12.0,-22.97,-40.0,-21.52,5.92,14.29
qwen_green_trie_add_and_search.py,3228019.0,0.4707703542080708,65,26,3.25,11,183.4,41.11,8,1.21,0.81,4.84,4.0,-8.96,10.0,-10.3,-0.6,14.29
qwen_multi_trie_add_and_search.py,3156595.6,0.4723706737742759,60,22,2.44,5,174.23,42.56,7,-1.03,1.15,-3.23,-12.0,-31.65,-50.0,-14.79,2.9,0.0
qwen_stagedcg_trie_add_and_search.py,3177347.6,0.4722505797981284,61,23,2.88,6,164.52,42.44,8,-0.38,1.13,-1.61,-8.0,-19.33,-40.0,-19.53,2.61,14.29
qwen_stagedgc_trie_add_and_search.py,3162394.2,0.4696306167985312,57,24,3.0,10,204.46,42.29,8,-0.85,0.57,-8.06,-4.0,-15.97,0.0,0.0,2.25,14.29
,,,,,,,,,,,,,,,,,,
union_find.py,2494549.2,0.2334992860036436,38,7,1.75,3,89.21,50.94,0,0.0,0.0,0.0,0.0,0.0,0.0,0.0,0.0,0.0
deepseek_clean_union_find.py,2542303.2,0.236377481004456,38,7,1.75,3,89.21,50.94,0,1.91,1.23,0.0,0.0,0.0,0.0,0.0,0.0,
deepseek_green_union_find.py,2486065.6,0.2325081620016135,42,8,2.0,3,103.73,49.4,0,-0.34,-0.42,10.53,14.29,14.29,0.0,16.28,-3.02,
deepseek_multi_union_find.py,2460821.4,0.2367782305926084,37,7,1.75,3,89.21,51.19,0,-1.35,1.4,-2.63,0.0,0.0,0.0,0.0,0.49,
deepseek_stagedcg_union_find.py,2498089.4,0.2357350382080767,43,7,1.75,3,89.21,49.77,0,0.14,0.96,13.16,0.0,0.0,0.0,0.0,-2.3,
deepseek_stagedgc_union_find.py,,,0,7,1.75,3,0.0,0.0,0,,,-100.0,0.0,0.0,0.0,-100.0,-100.0,
gpt-5.4_multi_union_find.py,2504363.8,0.2325447413953952,45,8,2.0,3,87.57,49.26,1,0.39,-0.41,18.42,14.29,14.29,0.0,-1.84,-3.3,
gpt-5.4_stagedcg_union_find.py,2521319.6,0.2413410994049627,50,9,2.25,4,105.42,47.56,1,1.07,3.36,31.58,28.57,28.57,33.33,18.17,-6.64,
gpt_clean_union_find.py,2489678.4,0.2342987506068311,42,6,1.5,2,72.0,50.78,0,-0.2,0.34,10.53,-14.29,-14.29,-33.33,-19.29,-0.31,
gpt_green_union_find.py,2488103.8,0.2409516024054028,47,8,2.0,3,103.73,48.33,0,-0.26,3.19,23.68,14.29,14.29,0.0,16.28,-5.12,
gpt_stagedgc_union_find.py,2538506.8,0.2407875868026167,49,8,2.0,3,103.73,47.94,0,1.76,3.12,28.95,14.29,14.29,0.0,16.28,-5.89,
llama_clean_union_find.py,2473638.6,0.2332693942124024,35,8,1.6,3,57.11,52.94,0,-0.84,-0.1,-7.89,14.29,-8.57,0.0,-35.98,3.93,
llama_green_union_find.py,2528326.2,0.2327376503963023,43,7,1.75,3,105.42,49.26,0,1.35,-0.33,13.16,0.0,0.0,0.0,18.17,-3.3,
llama_multi_union_find.py,2540569.8,0.2332983648055233,34,8,1.6,3,73.57,52.45,0,1.84,-0.09,-10.53,14.29,-8.57,0.0,-17.53,2.96,
llama_stagedcg_union_find.py,2504901.0,0.2332279185880907,37,8,1.6,3,72.0,51.71,0,0.41,-0.12,-2.63,14.29,-8.57,0.0,-19.29,1.51,
llama_stagedgc_union_find.py,2488482.6,0.2415897132013924,45,8,1.6,3,105.42,48.7,0,-0.24,3.46,18.42,14.29,-8.57,0.0,18.17,-4.4,
qwen_clean_union_find.py,2506646.6,0.2399430522113107,42,9,2.25,3,122.14,48.77,0,0.48,2.76,10.53,28.57,28.57,0.0,36.91,-4.26,
qwen_green_union_find.py,2548687.2,0.2363436811952851,45,10,2.5,4,139.32,47.58,0,2.17,1.22,18.42,42.86,42.86,33.33,56.17,-6.6,
qwen_multi_union_find.py,2517925.8,0.2384598755859769,38,8,2.0,3,107.03,50.25,0,0.94,2.12,0.0,14.29,14.29,0.0,19.98,-1.35,
qwen_stagedcg_union_find.py,2532098.4,0.2357070579892024,50,12,3.0,5,169.22,45.72,0,1.51,0.95,31.58,71.43,71.43,66.67,89.69,-10.25,
qwen_stagedgc_union_find.py,2516400.2,0.2392278451821766,43,10,2.5,4,139.32,48.01,0,0.88,2.45,13.16,42.86,42.86,33.33,56.17,-5.75,
,,,,,,,,,,,,,,,,,,
